H2,CO,CO2,Methane,Acetylene,Ethylene,Ethane,Furan,Water,Acid,BDV,DDF1,DDF2,Color,IFT,HI
11.8,244.4,3032.4,0,0,1,1.4,1.03,13,0.005,48,0.038,0.004,2,24,69.04761905
329.3,892,13013.8,90.9,0.7,26.7,110.3,5.64,22,0.096,68,0.021,0.001,3,17,26.19047619
18.5,462.6,7525.7,4.9,0.4,3.4,2.8,1.7,8,0.03,70,0.013,0.001,1,26,64.28571429
33.6,454.5,8411.1,3.3,0.3,5.8,4.1,1.6,12,0.032,57,0.01,0.001,1,26,64.28571429
16.6,453.9,7300.8,4.4,0,2.8,4.4,3.43,6,0.036,77,0.034,0.003,2,24,57.14285714
17.8,417.8,9837,6.6,0.3,7.1,6.4,4.98,12,0.055,58,0.025,0.001,2,23,57.14285714
11.8,470.8,9963.7,16.1,1.2,26.8,12,4.18,12,0.041,86,0.04,0.002,2,23,57.14285714
31.4,1193.2,15076,10.3,0,4.7,4.7,5.25,25,0.174,63,0.058,0.002,3,16,38.0952381
20.9,746.2,8814.6,19.8,0,2.5,2.9,2.59,18,0.031,56,0.04,0.008,1,22,64.28571429
10.9,391.6,6185.1,4.9,0,1.2,1.6,1.77,5,0.076,75,0.032,0.001,1,26,64.28571429
13.9,304.2,5027.1,3,0.5,1.8,2.3,3.27,8,0.068,65,0.02,0.002,2,27,57.14285714
48.7,800.9,7506.5,16.3,0,15.9,10.2,2.35,15,0.044,53,0.031,0.003,2,21,57.14285714
121.7,1165.6,6742.7,112.6,0,34.1,83.5,2.5,13,0.125,60,0.067,0.007,3,20,38.0952381
51.1,745.3,6249.1,9.6,0,10.7,6,1.77,9,0.094,87,0.044,0.004,2,20,57.14285714
14.9,454.8,5950.5,2.9,0,1.3,1.4,2.23,5,0.045,78,0.033,0.003,1,24,64.28571429
4.8,115.8,2166.9,11.3,2.9,1,1.5,0.64,8,0.035,85,0.041,0.002,2,19,75
10.6,212.5,8581.7,5.7,9,6,4.3,2.36,19,0.027,57,0.016,0.002,2,25,52.38095238
21.8,242.4,4366.6,4.5,0,1.6,1.6,1.37,19,0.051,16,0.048,0.002,3,30,54.76190476
15.4,513.1,17973.9,18.1,3.3,8.4,6.9,7.19,32,0.037,17,0.014,0.001,2,20,42.85714286
6.5,100.8,2482.7,0,0.8,0.4,1,0.86,5,0.061,87,0.037,0.002,3,19,67.85714286
9.6,126.4,2126.5,2.8,0,20.6,7.1,4.45,11,0.046,75,0.025,0.001,1,23,76.19047619
13.2,483.1,6374.4,1.1,0,1.8,2.1,2.39,4,0.024,78,0.036,0.001,2,25,64.28571429
13.9,522.9,7344.5,3.5,0.5,2.4,6.6,2.09,3,0.012,75,0.027,0.001,1,28,64.28571429
11.3,432.7,7428.2,3.2,0,2.1,2.3,2.02,2,0.024,57,0.02,0.001,1,26,64.28571429
11.5,412.3,8048.5,12.9,0,2.2,2.8,2.16,4,0.024,64,0.023,0.001,2,25,64.28571429
20.6,424,5373.9,16.6,0,2.2,1.9,1.31,12,0.025,24,0.024,0.002,2,23,50
20.9,320.4,5116,11.8,0,1.6,1.3,1.76,13,0.015,19,0.017,0.002,1,24,50
5.5,211.2,3144,0,0,1,0.7,0.66,8,0.024,58,0.034,0.003,2,25,82.14285714
6.5,220.8,4152,0,0,0.7,0.7,1.48,7,0.018,67.9,0.019,0.002,2,28,76.19047619
52.8,1168.6,10591.1,14.2,0,8.5,4.6,5.66,10,0.176,67,0.098,0.008,3,16,38.0952381
20.2,687,8095.8,4.6,0,2.2,2.8,5.61,13,0.1,52,0.054,0.002,3,18,50
23.3,1111,13123.7,6.6,0,5.1,4.3,7.33,7,0.122,89,0.103,0.002,3.5,17,38.0952381
71.8,1253.9,11813.2,45.5,0,9.4,9.1,9.47,19,0.187,45,0.108,0.004,0,16,45.23809524
25,964.7,15564.7,24.4,0,5.5,4.4,9.27,14,0.171,82,0.113,0.004,4,13,50
61.7,1244.1,13358.1,48.9,0,11,6.7,11.03,23,0.261,26,0.087,0.002,4,13,30.95238095
15.8,572.3,9196.5,3.2,0,3.2,3.5,5.74,7,0.181,83,0.09,0.008,3,16,50
48,1037.7,9630.2,5.8,0,7.2,3.1,7.19,11,0.234,70,0.092,0.004,4,15,42.85714286
15.1,356.3,4679,2.5,0,6.3,9.3,2.15,13,0.103,78,0.06,0.003,3,16,50
25.2,840.8,9007,5.4,0,3.6,4.5,2.48,9,0.015,75,0.021,0.001,2,26,64.28571429
48.2,778.8,6190.6,14.1,0,18.4,11.9,1.48,11,0.08,87,0.034,0.002,2,19,57.14285714
21.4,498.6,5888.9,0.7,0,1.8,2.4,2.09,9,0.055,50,0.027,0.001,1,24,57.14285714
18.5,626.1,6053.8,2.6,0,1.7,2.3,1.84,10,0.012,81,0.018,0.001,2,27,64.28571429
19.7,653.9,6149.8,3.9,0,2.7,2.4,0.71,11,0.021,74,0.024,0.002,2,24,63.0952381
16.3,389.1,4540.4,3.7,0,1.5,1.9,1.91,3,0.026,84,0.025,0.001,2,25,64.28571429
13.4,384,4781.9,0,0,1.6,2.4,1.78,5,0.0367,77,0.03,0.001,1,24,64.28571429
33.8,696,6102.3,0,0,3.6,2.9,4.06,20,0.175,79,0.147,0.005,4,15,50
26.6,141.5,3467,4.8,53,18.1,11.9,2.01,6,0.058,79,0.046,0.002,3,19,26.19047619
35.3,313.6,4119.8,136.4,51.5,451.4,153,2.3,5,0.078,85,0.005,0.005,3,18,14.28571429
20.9,208.9,5648.7,0.6,64.3,14.7,6.5,2.67,7,0.087,72,0.054,0.004,3,18,26.19047619
69.4,1041.4,13704.5,23,5.4,15.6,9.1,4.75,15,0.18,68,0.045,0.001,3,16,38.0952381
9.6,838.8,12177.9,11.4,0,5,11.5,2.5,5,0.023,66,0.028,0.003,1,25,64.28571429
17,573.4,7614.1,5.2,0,3.4,4.4,2.78,6,0.067,78,0.045,0.005,2,25,57.14285714
98.4,889.8,4204.5,88.9,0,31,54.9,1.49,6,0.064,87,0.066,0.004,3,20,50
20.6,369.6,3893.4,4.4,0,1.6,2.6,2.12,4,0.029,76,0.037,0.004,1,24,76.19047619
33.6,716.7,13119.6,13.8,0,32.4,17,2.94,29,0.028,76,0.011,0.001,2,24,57.14285714
25.4,910.7,12615.8,11,0,4.3,3.8,2.52,24,0.039,48,0.035,0.002,1,24,64.28571429
20.9,594.5,7441.9,0,0.6,4.2,3.8,2.04,6,0.056,76,0.039,0.003,3,18,50
16.1,212.1,4043.2,2.8,0,1.2,1.9,0.68,4,0.026,82,0.016,0.002,2,26,82.14285714
15.4,333.6,3552,1.2,0,3.8,1.7,0.8,9,0.025,63,0.032,0.003,2,24,75
13.7,579.4,5830.1,1.3,0,3.6,3.6,3.66,1,0.111,92,0.08,0.003,3,17,50
15.1,689.2,5829,0,0,3.2,2.9,4.18,11,0.116,95,0.07,0.002,3,17,50
9.8,344,4398.7,0.7,0,1.2,1.5,1.46,10,0.019,72,0.019,0.002,2,25,76.19047619
8.4,306.5,4289.4,0,0,1,1.3,1.55,9,0.019,75,0.021,0.002,2,27,76.19047619
50.2,855.3,4397.9,32.1,0,7.9,10.9,0.67,9,0.049,61,0.059,0.006,3,21,55.95238095
27.1,230.5,4810.7,236.8,27.7,628.1,202.1,2.18,4,0.029,82,0.041,0.002,2,18,21.42857143
18.7,165.8,5123.8,2.5,58.2,55,41.4,2.73,4,0.057,74,0.043,0.002,3,18,26.19047619
8.6,176.3,4653.6,2.9,17.3,97.7,53.1,2.31,2,0.06,73,0.043,0.002,3,16,26.19047619
6.5,152.9,4451.2,2.4,26.5,12.6,13.4,2.65,7,0.079,56,0.048,0.005,3,18,26.19047619
10.1,50.8,304.4,0,1.3,1.1,1,1.52,7,0.039,74,0.041,0.004,3.5,20,61.9047619
14.6,92.6,2575.2,0,14.8,9.2,8.4,2.32,22,0.055,76.9,0.036,0.004,3.5,19,50
35.5,1295.3,13114.9,9.8,0,4,4.1,3.46,24,0.179,18,0.078,0.002,3,16,30.95238095
13.9,451.6,5759.3,2.1,0,1.1,2.1,1.31,6,0.026,73,0.026,0.001,1,27,64.28571429
22.1,447.8,6581.4,5.9,0.5,2.6,2.2,4.24,12,0.048,90.2,0.024,0.002,2,25,64.28571429
63.8,722.3,5352.3,14.1,0,10.3,9.3,1.41,13,0.032,69,0.035,0.003,2,22,57.14285714
18.5,534,5813.4,2.8,0,1.5,2.6,1.87,6,0.022,70,0.028,0.002,2,26,64.28571429
190.1,956,10479.7,24.4,0,5.3,10.1,2.63,16,0.062,81,0.072,0.001,2,19,45.23809524
45.6,1184.4,11010.9,10.5,0,5.6,5.3,2.6,12,0.065,82,0.069,0.002,3,18,38.0952381
192.7,532.6,7586.7,13.8,0,3.8,7.1,3.45,9,0.076,68,0.058,0.006,3,18,38.0952381
19,656,7717.9,4.2,0,3.9,3.1,3.66,8,0.104,85,0.061,0.015,3,17,50
14.4,457.5,5739.1,1.4,0,2.4,1.9,2.17,4,0.034,68,0.037,0.004,1,22,64.28571429
61.2,849.8,8020.5,27.3,0,25.6,20.8,1.57,9,0.099,70,0.035,0.004,1,17,57.14285714
27.6,943.2,9579.1,4.8,0.5,3.9,3.2,3.68,17,0.146,96,0.059,0.002,3.5,15,50
31,1097.9,113883.3,6.9,0,3.9,3.4,4.02,13,0.117,77,0.073,0.001,3,16,38.0952381
2.9,22.5,252.4,0.7,1.2,0.3,0.6,0.07,6,0.005,66,0.005,0,1,41,100
12.2,89.9,1496.4,1.1,16,1.8,0.6,0.21,5,0.027,81,0.014,0.001,1,31,70.23809524
25.4,83.4,1590.3,5,35.5,5.6,1.8,0.31,3,0.021,86,0.013,0.001,0,32,52.38095238
24,264.3,4008.2,22.4,39.9,50.8,23,2.67,15,0.041,87,0.053,0.001,1,19,33.33333333
7.4,159.8,4300.6,0.5,10,5.3,3.2,3.56,9,0.087,90.6,0.033,0.002,2,18,57.14285714
14.6,262.1,2517.5,1.1,0,0.9,2.2,2.48,15,0.005,68,0.065,0.002,2,19,69.04761905
9.1,194.1,2321.9,1.4,0.3,1.3,2.6,3.45,7,0.053,63,0.069,0.003,3,17,61.9047619
12,314.7,3361.3,0,0,1.2,1.6,0.52,5,0.036,73,0.024,0.001,1,26,82.14285714
22.8,577.4,4380.7,3.3,0,4.9,3,1.52,11,0.14,88,0.105,0.002,3,16,50
13.9,569.4,5805.2,5.4,0,1.3,3.9,1.21,7,0.015,75,0.026,0.003,3,23,50
19.7,640.7,6201,1.9,0,1.8,3.6,1.06,1,0.063,65,0.02,0.001,3,22,50
6.5,288.5,10818.5,73.9,0,4.7,172.8,0.03,6,0.005,64,0.024,0,0,31,64.28571429
25,443.2,14846.7,71.6,0.2,5.6,124.6,0.04,6,0.011,84,0.039,0,0,31,64.28571429
32.4,318.9,8399.8,130.9,0,5.8,207.3,0.03,9,0.005,83.2,0.003,0,0,32,64.28571429
37.2,446.7,11374.9,107.8,0,6.1,147.3,0.03,12,0.012,81.1,0.004,0,0,31,64.28571429
58.1,485.1,6638.5,1.4,0,5.5,3.1,0.12,6,0.046,93,0.022,0.001,2,18,75
45.1,418.3,5255.6,2.6,0,4.5,2.6,0.25,8,0.063,68,0.017,0.001,2,19,69.04761905
20.6,248.6,4211.4,3.7,0,3.3,2.1,0.17,1,0.073,27,0.036,0.002,3,17,72.61904762
56.6,330.8,2796.2,26.8,0,3.2,48.9,0.52,9,0.005,43,0.038,0.001,0,37,75
29,309.3,3696.9,12.7,0,1.5,11.8,0,6,0.005,87.6,0.003,0,0,34,100
8.4,392.2,6845.1,8.3,0,5,1.8,1.12,1,0.085,85,0.089,0.005,3,17,50
11.3,420.8,7088.5,1.5,0,6.5,4.2,1.7,22,0.088,58,0.068,0.003,3,16,50
12.7,313.3,4232.9,1.3,0,3,1,1.47,7,0.121,79,0.082,0.008,2,16,61.9047619
42.5,176.5,789.6,4.7,0,1,2,0.17,3,0.005,68,0.003,0.001,0,37,94.04761905
1.9,127.2,3464.8,0,29.2,5.3,2.9,1.54,2,0.036,90,0.034,0.001,2,20,33.33333333
5.3,128,2965.4,0,17.9,3.9,2.1,1.53,5,0.016,57,0.039,0.002,2,21,45.23809524
12.2,199,4038.6,53.5,6.9,127.4,48,1.77,3,0.043,83,0.048,0.003,3,20,26.19047619
4.6,143.7,3593.6,0,3.9,1.6,1.4,1.78,6,0.077,75,0.041,0.002,3,19,61.9047619
33.8,122.5,4174.1,107.6,0,20,210.5,0.01,1,0.005,78,0.039,0.001,0,29,64.28571429
48,183.6,9428.6,82,0,5.9,185.8,0.02,4,0.005,79,0.029,0.001,0,30,64.28571429
33.8,207.6,8374.2,104,0,5.8,187.3,0.01,14,0.012,92.3,0.003,0,0,31,64.28571429
16.1,447.6,1070.1,12,0,4.8,2.1,0,1,0.005,37,0.002,0,0,32,92.85714286
19.2,597.8,2031,69.7,0,4.5,97.2,0,4,0.005,79,0.001,0,0,42,76.19047619
42.7,851.2,6853.5,66.2,0,17.1,24.2,1.4,14,0.04,76,0.035,0.002,2,21,57.14285714
23.8,218.6,3149.4,75.8,0,7.7,141.6,0.01,4,0.005,67,0.014,0.001,0,33,64.28571429
153.1,453.8,5155.4,32.9,0,13.6,97.9,0.06,8,0.023,74,0.021,0.003,1,22,76.19047619
28.6,241.8,3347.9,100.7,0,7.9,155.6,0,9,0.005,72,0.003,0,0,33,64.28571429
56.6,290.1,4217.5,47.8,0,16.7,124.8,0,5,0.005,88,0.086,0.001,0,34,64.28571429
90.7,318.8,4295.2,36.5,0,5.7,96.9,0.01,4,0.005,95,0.035,0,0,34,76.19047619
20.2,141.2,670.1,10.9,0,2.2,20.7,0.16,2,0.005,76,0.006,0,0,26,94.04761905
22.1,422.6,1183.9,15.3,0,5.7,13.7,0,5,0.005,88.4,0.003,0,0,38,100
14.6,510.5,1442.4,12.3,0,2,1.8,0,2,0.005,87.3,0.003,0,0,37,100
10.1,141.6,598.2,4.8,0,1.2,0,0.25,4,0.005,93,0.003,0,0,36,88.0952381
19.9,159.6,3557.8,6.4,52.9,23.1,5.6,1.68,4,0.059,73,0.051,0.003,3,19,26.19047619
63.6,233.5,1389.3,40.6,0,7.5,138,0,2,0.005,77,0.011,0.001,0,34,76.19047619
43,952,13080,19.2,0,15.9,28.9,1.23,12,0.102,87,0.084,0.003,3.5,17,50
36,849.1,13381.9,8.2,0,11.3,12,0.98,7,0.072,77,0.098,0.003,3.3,17,55.95238095
31.4,451,7007.7,4.5,0,3.9,4.3,1.06,4,0.045,82,0.041,0.002,2,23,57.14285714
21.8,1161.2,5204.9,17,0,2.1,3.1,0.34,5,0.005,82,0.004,0.001,0,36,76.19047619
5.3,791.7,8811.3,5.2,0,4.5,8.8,1.4,3,0.027,72,0.03,0.003,1,25,64.28571429
22.8,597.4,6057.9,6.4,0,3.4,6.2,1.32,12,0.013,76,0.031,0.003,2,26,64.28571429
15.6,345.1,1947.7,41.1,0,5.9,123.3,0,4,0.005,96.4,0.002,0,0,33,76.19047619
39.1,278,7232.1,188.9,0,92.8,228.7,0.01,8,0.005,94,0.005,0.001,0,30,64.28571429
42.2,254.4,6529.9,80.7,0,5.3,167.3,0.01,3,0.005,59,0.005,0.001,0,31,64.28571429
28.8,398.4,7944,269.1,0,83.8,265.3,0,20,0.005,67,0.005,0.001,0,30,64.28571429
31.7,251.8,4953.9,118.2,0,5.9,185.6,0,4,0.005,57,0.004,0,0,30,64.28571429
17.3,99.7,573.8,7.7,0,1.2,6.7,0,8,0.005,90.9,0.003,0,0,34,100
91.2,204.3,7938.7,82,0,4.9,173.1,0.01,6,0.005,89,0.013,0.001,0,32,64.28571429
58.2,172.2,7175.4,100.3,0,17,184.6,0.01,5,0.005,84,0.014,0.001,0,32,64.28571429
75.8,221.7,7754.6,100.9,0,5,185.9,0,10,0.005,88.9,0.004,0,0,32,64.28571429
42,187.1,7390.4,153.5,0,24.9,213.4,0,11,0.005,92.9,0.004,0,0,33,64.28571429
18.2,199.8,3479.8,0,2.7,2.9,1.7,0.56,3,0.028,52,0.016,0.002,1,26,82.14285714
15.6,373.4,2285.5,2.4,0,3.9,1.8,1.66,14,0.153,98,0.097,0.004,3,16,61.9047619
22.6,615.4,5450.9,1.4,0,5.4,3.3,1.59,8,0.183,75,0.084,0.002,3,16,50
61.9,353.5,2694,55.5,0.5,7.2,119.2,0,6,0.005,66,0.003,0,0,34,76.19047619
8.9,590.4,8232.4,5.1,2.7,2.9,3.3,1.27,24,0.019,36,0.024,0.002,1,26,57.14285714
13.4,645.7,8366.4,0.4,3.6,2.9,4.4,1.15,15,0.019,57,0.021,0.001,1,28,64.28571429
58.8,858.3,8687.1,30.3,0,18.3,15.9,1.78,19,0.02,59,0.027,0.002,2,21,57.14285714
101.8,1012.3,7000.7,98,0,31.3,48.4,1.76,21,0.027,68,0.057,0.002,2,21,57.14285714
39.4,181.1,11346.8,76.1,0.7,5.1,200.1,0.17,1,0.005,75,0.034,0,0,31,58.33333333
44.6,135.7,11764.9,64.4,0.7,4.4,164.1,0.05,2,0.005,65,0.024,0,0,32,64.28571429
52.6,174.7,8806.8,99.1,0,4.9,190.7,0,9,0.014,60,0.003,0,0,32,64.28571429
52.8,151.9,9183.5,78.6,0,4.7,168.9,0,10,0.014,70,0.003,0,0,33,64.28571429
14.4,591.6,6367.8,1.8,0,2,3.3,1.7,9,0.005,89,0.049,0.002,3,20,50
18.7,676.7,6701.8,3.3,0,8.7,4.9,1.63,5,0.052,65,0.025,0.001,3,24,50
605,394.9,4786.2,0,0,0.8,1.3,1.07,4,0.026,77,0.009,0,1,32,52.38095238
27.8,695.7,7028.9,0,0,2.6,2.8,1.29,15,0.019,55,0.03,0.002,2,26,64.28571429
93.8,1023.7,7981.2,46.5,0,22.4,23.9,0.61,21,0.032,74,0.039,0.002,2,21,63.0952381
30.2,669,6976.7,28.1,0,6.7,16.7,1.44,24,0.043,40,0.049,0.001,2,15,50
32.4,696.3,7062,2.4,0,6.6,6.9,1.64,20,0.035,45,0.044,0.001,2,22,57.14285714
18,504.3,6073.9,0,0,4.9,4.1,1.72,5,0.043,65,0.035,0.002,1,21,64.28571429
25.7,598.2,6383.9,4.1,0,5.3,4.8,1.88,6,0.083,85,0.032,0.001,2,23,57.14285714
42.7,876.2,8179.1,0,0,4.4,4.2,0.045454545,14,0.074,96,0.078,0.001,2,18,80.95238095
64.8,1236.6,11553.8,20,0,11.8,8.9,1.63,14,0.186,80,0.061,0.002,3,16,38.0952381
8.9,295.5,3783.8,3.3,0,0.6,1.5,0.53,2,0.026,65,0.015,0.007,1,29,82.14285714
47.4,292,5021.8,1.5,0,7,169,0.05,8,0.005,88,0.007,0,0,33,64.28571429
43.9,174.9,3504,58.3,0,4.2,117.1,0.01,3,0.005,83,0.004,0,0,32,64.28571429
36.7,292.6,3797.9,97.4,0,7.4,161.6,0,7,0.005,59,0.003,0,0,33,64.28571429
36,191.4,3153.2,74.8,0,9.8,136.4,0,7,0.005,57,0.003,0,0,32,64.28571429
48.7,259.9,5970.6,60.5,0,4.3,119.3,0.01,11,0.005,82,0.007,0.002,0,31,64.28571429
34.6,333,5948.8,76.2,0,4.4,129.7,0,13,0.005,96.5,0.003,0,0,31,64.28571429
54,214.8,6413.8,60.6,0,4,103,0,21,0.005,87.6,0.002,0,0,33,64.28571429
13.4,324.3,5208.7,3.4,1,2.7,3.4,1.38,3,0.068,39,0.041,0.001,3,18,50
10.6,258.8,3065.8,0,0,0.8,1.3,0.33,1,0.029,73,0.015,0.001,1,28,88.0952381
30,243.4,2797.4,52.1,0,4.6,113.1,0,3,0.005,68,0.003,0,0,36,64.28571429
36,388.9,3210.9,60.4,0,7.9,121.2,0,4,0.005,63.3,0.003,0,0,35,64.28571429
25.7,423,1475.2,52,0,6.5,90.5,0.01,7,0.005,67,0.007,0,0,34,100
23.3,332.1,2891.8,70.5,0,9.6,143.7,0.01,5,0.005,82,0.014,0.001,0,32,64.28571429
21.8,388.9,4404.8,76.8,0,7.4,125,0,5,0.013,90.3,0.006,0.001,0,33,64.28571429
21.4,334.6,2991.7,95.9,0,10.8,198.3,0,5,0.005,82.2,0.007,0.001,0,32,64.28571429
42,772.4,2370,11.1,0,3.1,1.5,0.02,8,0.005,93.1,0.003,0,0,32,100
27.6,397.3,2667.9,65.4,1,9.9,114.8,0,1,0.018,79,0.011,0.001,0,31,76.19047619
19,481,2554,6.6,0,1.3,3.9,0.1,6,0.005,58,0.005,0.001,0,33,94.04761905
10.6,440.2,2449.7,8.1,0,1.2,2.7,0.11,2,0.005,70,0.009,0.001,0,33,94.04761905
27.4,611.6,6799.3,0,10.3,19.8,8.8,0.85,7,0.036,90,0.047,0.002,3,19,44.04761905
32.2,537.7,5368.3,0,4.9,7.5,5.2,0.83,7,0.052,63,0.047,0.003,3,19,55.95238095
17.3,481.7,2586.4,8.5,0,1,1.9,0.34,6,0.005,72,0.006,0,0,34,88.0952381
2.4,345.9,1491.7,5.8,0,1.1,2.3,0.34,1,0.005,94,0.006,0.001,0,33,88.0952381
26.4,209.6,2281.6,0,40.5,5.2,1.1,0.48,8,0.06,22,0.05,0.005,3,19,30.95238095
22.3,229.9,3089.4,2.2,41.8,8.1,3.5,1.39,7,0.025,82,0.041,0.001,3,19,26.19047619
7.7,169.2,3759.2,0,12.5,2.9,2,1.57,2,0.071,86,0.041,0.002,2,19,57.14285714
49.4,328.8,9063.5,178.4,0,9.2,232.1,0.04,15,0.005,74,0.003,0,0,30,64.28571429
35,299.7,8596.8,298.1,0,91.2,339.4,0.03,21,0.005,58,0.003,0,0,31,52.38095238
51.8,279.6,9586.4,132.7,0,6.8,178.7,0.04,8,0.005,75,0.023,0.001,0,29,64.28571429
43.7,286.4,9101.3,196,0,90.8,263.9,0.5,7,0.005,84,0.012,0.001,0,30,46.42857143
7.2,121.1,2345.4,29.1,17.1,118.5,29.9,1.29,3,0.043,67,0.042,0.003,3,19,26.19047619
7.7,121.8,2250.3,10.9,9.9,9.2,4.8,1.93,4,0.075,81,0.048,0.002,2,19,57.14285714
44.9,527.7,5666.5,4.4,0,3.5,3.5,1.1,2,0.055,80,0.036,0.002,3,19,50
15.4,263.8,4570.2,0,0,2.2,2.4,1.17,8,0.059,76,0.037,0.004,3,18,50
18,236.5,4712.9,8.2,24.2,33.9,9.6,0.84,11,0.061,72,0.034,0.003,3,18,44.04761905
12.7,608.3,1684.4,7.7,0,0.9,3.5,0,6,0.005,90.7,0.003,0,0,41,100
13.4,859.8,1759.8,24.5,0,1.9,4.9,0,7,0.005,23,0.004,0,0,32,85.71428571
16.8,348.4,3192.8,1.3,0,3,0.7,1.12,8,0.144,76,0.059,0.003,3,17,61.9047619
60.7,209.9,3671.7,79.4,0,33.7,126.1,0.01,6,0.005,90,0.008,0.001,0,32,64.28571429
52.8,197.1,2859.3,113.6,0,59.4,139.1,0,7,0.005,47.5,0.004,0,0,32,64.28571429
44.6,510.1,1677.9,12.1,0,1.1,4.3,0,6,0.005,88.5,0.002,0,0,32,100
25.2,335.9,1450.8,0,0,0.8,2.1,0.01,3,0.005,85.2,0.004,0,0,34,100
24.2,374.7,1932,0,0,2.7,5.1,0,3,0.005,94,0.004,0,0,34,100
14.6,530.7,4888.4,4.6,0,1.2,3.3,0.82,1,0.018,66,0.023,0.002,3,22,55.95238095
13.4,436.8,3927.6,5.5,0,0.8,2.4,0.67,1,0.065,86,0.018,0.003,3.5,22,67.85714286
13,763.4,3093,8.3,0,1.2,2.4,0.01,1,0.005,78,0.002,0,0,35,100
11.5,744.2,3415.9,8.6,0,1,2,0.01,3,0.005,82,0.004,0,0,35,100
16.3,1205.7,4986,15.9,0.6,1.1,3.8,0.01,8,0.005,67,0.002,0,0,37,88.0952381
16.3,1207.8,5318.4,14,0,0.7,3.2,0.01,6,0.005,60,0.002,0,0,36,88.0952381
24.5,797.1,4215.6,26.8,0,2.8,19.1,0.01,3,0.005,97,0.002,0,1,32,88.0952381
15.1,533.7,3852.2,27.6,0,2.2,24,0.01,1,0.005,90,0.004,0,0,31,88.0952381
21.4,732.6,3554.7,34.2,0,3.3,20.6,0,3,0.005,66,0.002,0,1,32,88.0952381
16.6,450.8,3412,42,0,2.6,32,0,2,0.005,54,0.002,0,1,33,100
10.1,155.4,2340.1,46.2,0,2.3,50.3,0.01,1,0.005,80,0.028,0.001,0,32,100
12.7,256.3,2824.2,29.1,0.4,2.2,34,0.01,3,0.005,71,0.003,0,0,32,100
14.9,141,2442.2,64.4,0,2.7,84.7,0,1,0.005,87,0.002,0,1,32,100
16.8,154.7,2942.4,47.9,0,2.4,61.4,0,2,0.005,84,0.002,0,1,32,100
17.5,279,955.6,9.6,0,0.7,0.8,0.02,1,0.005,72,0.003,0,0,32,100
22.3,164.5,795.7,5.7,0,0.9,1.5,0.02,2,0.005,81,0.006,0,0,31,100
31,667.6,1961.4,4.5,0,0.9,1.3,0,3,0.005,71,0.002,0,0,32,100
24.7,497.6,1643,5.7,0,1,1.3,0,6,0.005,61,0.001,0,0,31,100
19.9,412.6,2593.3,25.7,0,3.6,5.1,0.01,1,0.005,82,0.023,0.001,0,34,100
24,337.6,2582,24.3,0,1.5,6,0.03,1,0.005,87,0.009,0.001,0,32,100
23.5,471.8,3079.2,28.5,0,5.3,6.7,0,10,0.005,76,0.006,0.001,0,33,100
27.1,465.2,3529.1,23.8,0,2.1,6.3,0.01,12,0.005,63,0.013,0.001,0,34,100
19,384.1,2701.3,14.6,0,3.4,1.2,0.01,4,0.005,87,0.001,0.001,0,34,100
21.4,363.5,2985.4,12.1,0,3.9,2.2,0,3,0.005,77,0.001,0.001,0,35,100
15.4,403.8,290,12.6,0.3,1,5.4,0,11,0.005,52,0.004,0,0,38,100
21.1,559.6,786.5,10.6,0.4,2.6,12,0,7,0.005,77,0.004,0,0,37,100
10.1,417.2,1161.3,8.5,0,0.6,0.9,0.01,1,0.005,77,0.001,0.001,0,29,100
5.8,421.5,890.2,8.9,0,0.5,0.9,0.17,2,0.005,77,0.001,0,0,30,94.04761905
13.4,666.7,1713.8,11.1,0,1.4,2.1,0,5,0.005,78,0.003,0,0,32,100
14.4,616.6,1372.6,2.5,0,0.9,1.5,0,4,0.005,79,0.002,0,0,31,100
24.5,594.3,2212.9,13.2,0,0.9,15.3,0,6,0.005,81,0.001,0,0,37,100
22.1,548.8,2431.3,8.8,0,1.2,4.3,0,4,0.005,54,0.001,0,0,39,100
16.3,392.3,2265.7,8.5,0,0.3,2.9,0,5,0.005,50,0,0,0,40,100
14.9,395.5,2259.1,8.6,0,0.3,2.7,0,6,0.005,51,0,0,0,40,100
20.6,252.8,2925.3,2.9,0,2.4,1.2,0.16,2,0.066,79,0.02,0.001,2,17,86.9047619
10.1,464.6,1207.6,17.8,0,0.8,1.4,0.01,1,0.005,82,0.001,0,0,29,100
9.6,551.7,1320.9,13.6,0,0.6,1.5,0,5,0.005,95,0.001,0.001,0,28,100
10.6,643.2,1886.5,5,0,1.1,2.3,0,3,0.005,60,0.002,0,0,32,100
92.4,420.6,1367,9.9,2.6,19.4,64.5,0,9,0.005,54,0.002,0,0,32,100
13,508.5,1621,13.7,0,1.7,1.7,0.01,3,0.005,82,0.003,0,0,28,100
13.9,611.3,1582.7,3.4,0,1.2,1.9,0.01,2,0.005,94,0.003,0.001,0,28,100
27.8,680.3,1802.5,15.2,0,4.2,19.4,0,10,0.005,68,0.006,0.001,0,30,100
14.6,863.5,2263.8,10.3,0,1.8,3.4,0,2,0.005,57,0.003,0,0,30,100
9.6,190.4,1850.7,2.4,0,0.8,2,0.09,1,0.005,72,0.01,0,1,32,100
12.5,263.2,2171.2,3.5,0,1.3,2.2,0.13,4,0.005,55,0.014,0.001,1,30,94.04761905
17.8,286.6,2712.9,2.3,0,0.6,1.3,0.23,1,0.005,62,0.014,0.001,1,29,94.04761905
23.8,410,3337.9,3.6,0,1.4,1.5,0.35,1,0.085,72,0.021,0.001,1,26,88.0952381
42.5,921,2420.2,11.9,3.5,1.5,1.6,0.01,1,0.005,65,0.004,0.001,0,34,100
22.6,623.9,1755,23.2,0,34.5,5.6,0.01,2,0.005,75,0.005,0,0,33,100
53,1351.7,4096.6,11.9,13.7,4.2,7.5,0,2,0.005,82,0.002,0,0,33,76.19047619
34.3,943.7,2998.5,6.8,0,30,6.2,0,7,0.005,67,0.003,0,0,30,88.0952381
113.8,469.1,2461.2,40.7,0,4.8,56.6,0.01,9,0.005,93,0.004,0.001,0,33,100
62.6,823.8,4416.8,20.6,0,4.2,1.8,0,8,0.005,83,0.006,0.001,0,33,88.0952381
68.4,901.4,4240.9,12.2,0,4.7,8.1,0,11,0.005,78.2,0.009,0.001,0,36,88.0952381
8.9,201.2,574.5,0,0,0.5,0.6,0,1,0.005,76,0.003,0,0,40,100
8.6,196.4,548.3,4.2,0,0.5,0.7,0.01,1,0.005,92,0.003,0,0,39,100
11,626.1,1752.9,7.8,0,1.4,1.9,0,3,0.005,78,0.002,0,0,40,100
11.5,669.3,1788.8,13.3,0,1.2,1.8,0,4,0.005,50,0.003,0.003,0,35,100
13.7,346.6,931.8,5.1,0,0.4,1.1,0.01,1,0.005,94,0.002,0.001,0,36,100
12.7,401,1350.4,12.7,0,0.3,1.2,0.01,5,0.005,81,0.002,0,0,36,100
14.4,617.6,1459.8,6.8,0,1.2,2,0,5,0.013,63,0.003,0,0,39,100
12.7,709.7,1972,6.5,0,1.4,1.4,0,4,0.005,66,0.003,0,0,41,100
23.3,446.5,1641.5,5.7,0,0.5,2,0.01,5,0.005,94,0.003,0.001,0,36,100
10.8,437.9,1397.5,5.8,0,0.3,1.6,0.01,1,0.005,84,0.001,0,0,37,100
18.2,672.1,2421.4,9.6,0,1.1,2,0,6,0.005,55,0.004,0,0,41,100
11,732.7,2160.6,11.4,0,1.1,3.5,0,7,0.005,51,0.004,0,0,40,100
12.2,384.2,3468.6,33.4,0,2.7,17.7,0,3,0.026,72,0.003,0,1,32,100
12.7,344.4,3003,38.1,0,3.8,51.7,0,3,0.018,75,0.004,0.001,0,31,100
16.3,451,3218.9,21.4,0,1.9,11.8,0.01,1,0.005,82,0.005,0.001,0,32,100
12.2,349,3346.3,26.4,0,3,28.5,0.01,2,0.005,76,0.004,0,1,31,100
66,404.5,3453,12.6,0,1.3,6,0.02,5,0.005,86,0.005,0.001,0,33,100
32.9,263.7,2796.9,37.7,0,2.8,51.6,0,1,0.005,59,0.003,0,0,37,100
13.9,542.9,1524.6,15.4,0,2.2,1,0.01,2,0.005,64,0.002,0,0,35,100
18,465.4,1320.9,9.1,0,1.6,0.8,0,1,0.005,91,0.003,0,0,33,100
13.7,767.7,2239,10.1,0,2.3,1.2,0,3,0.005,51,0.003,0,0,38,100
14.2,609.5,1884,5,0,1.7,1.3,0,4,0.005,68,0.004,0,0,37,100
45.4,161.9,744.3,3.7,0,1.1,1.2,0.01,3,0.005,72,0.004,0.001,0,39,100
15.1,1302.4,5072.7,14.9,0.8,2.7,4,0,4,0.005,93,0.002,0,0,33,88.0952381
19.2,913.6,4696.4,20.5,0.4,2.4,8.5,0.01,2,0.005,34,0.003,0,0,32,80.95238095
20.4,1459.6,4715.7,13.1,0,4,4.5,0,3,0.005,69,0.001,0,0,34,76.19047619
19.4,664.4,3613.9,30.9,0,3.1,15,0,3,0.005,85.4,0.002,0,1,33,88.0952381
11.8,228.5,1999.1,7.6,0,1,1.7,0.46,4,0.017,92,0.021,0.001,2,27,88.0952381
27.1,444.5,3276.4,19.4,0,8.9,7.2,0.42,8,0.019,87,0.021,0.001,2,25,88.0952381
29.8,453.1,2986.9,4.6,0,1.3,3.7,0.59,16,0.005,96.9,0.032,0.003,2,25,82.14285714
80.4,716.2,4369.8,26,0,14.5,20.6,0.73,17,0.05,95.4,0.026,0.003,2,21,63.0952381
28.8,639.1,2500.1,20.4,0,7.7,15.6,0,8,0.005,85,0.003,0,0,37,100
27.4,668.8,2564.4,19.4,0,7.3,14,0,9,0.005,98,0.003,0,0,36,100
11,1164.6,3189.7,18.9,0,1.3,4.4,0.01,4,0.005,84,0.003,0,0,39,88.0952381
19.9,1124.6,2828.3,15.6,0,1.2,3.8,0.01,4,0.005,85,0.001,0,0,41,88.0952381
10.8,1341.9,4581.4,22.1,0,1.7,4,0,4,0.011,82.7,0.002,0,0,39,88.0952381
9.4,1428.5,4467.9,22.8,0,2.3,4.3,0,2,0.012,58,0.001,0,0,40,88.0952381
13.4,685.5,2015.8,14.8,0,1.4,2.2,0.01,3,0.005,77,0.008,0.001,0,31,100
14.6,678.3,1961,11,0,1.2,2.5,0.01,4,0.005,81,0.049,0.001,0,33,100
17.8,1072.3,2698,10.5,0,1.2,2.9,0.01,6,0.005,85.3,0.015,0.002,0,32,88.0952381
19,1068.6,2590.7,14.9,0,0.9,2.5,0.01,6,0.005,82,0.003,0,0,34,88.0952381
27.6,756.5,2093.2,27,0,1.9,5.3,0.01,1,0.005,87,0.002,0.001,0,31,100
12,554.7,1542.5,13.1,0,1.1,2.1,0.01,5,0.005,79,0.003,0.001,0,30,100
17,740.2,2384.3,21.8,0,2.7,12.7,0,3,0.005,61,0.002,0,0,34,100
16.1,812.6,2277.7,18,0,1.8,5.5,0,9,0.005,76,0.002,0,0,30,100
14.2,222.3,616.4,6.4,0,0,0,0.01,2,0.005,66,0.001,0,0,37,100
18.7,207.9,553.3,8.8,0,0,0,0.01,1,0.005,83,0.001,0,0,34,100
16.8,534.4,1273.2,4.1,0,0.6,1.3,0,5,0.005,64,0.003,0,0,40,100
19.4,540.8,1188.6,0,0,0.8,1.2,0,5,0.005,55,0.003,0,0,41,100
10.3,233.6,2781.7,26.3,0,1.9,25.9,0.01,2,0.005,86,0.007,0,0,33,100
16.1,946.9,3161.9,19.5,0,0.7,3.5,0.01,3,0.005,86,0.008,0,0,40,88.0952381
19.7,319.8,3239.8,38.5,0,2.7,41.6,0,7,0.005,50,0.002,0,1,32,100
18.5,1374.9,4022,11.3,0,1.2,3.5,0,5,0.005,94.4,0.001,0,0,39,88.0952381
48,318.5,1330.6,5.1,0,1,0.7,0,3,0.005,85,0.021,0,0,37,100
39.4,313,1217.9,1.8,0,1.2,1.6,0.01,2,0.005,90,0.009,0.001,0,38,100
31.7,501.5,3231.6,7.2,0,0,2.4,0,6,0.005,59,0.003,0,0,35,100
39.1,289.3,1266.2,7,0,1.8,1.4,0,6,0.005,73,0.002,0,0,37,100
9.4,200.4,2904.9,0,0,1.4,2.1,0.13,2,0.042,93,0.028,0.001,3,20,79.76190476
9.4,215.4,3259.7,0,0,1.3,2.4,0.11,4,0.037,80,0.022,0.001,3,20,79.76190476
11.5,198.1,3208.8,0,0,0.9,1.2,0.13,2,0.095,64,0.021,0.002,3.5,20,79.76190476
11,174.4,3147.2,3.3,0.3,1.2,1.4,0.12,6,0.039,77,0.02,0.002,3,20,79.76190476
23,417.8,2228.8,56.5,0,6.4,19.1,0,4,0.005,85.2,0.003,0,0,31,100
17.8,368.2,892.1,11.6,0,1.7,1,0,1,0.005,42,0.002,0,0,33,92.85714286
26.2,510.1,1271.5,6.2,0,3.5,5.5,0,10,0.005,72,0.003,0,0,37,100
14.6,578.1,1476,8.3,0,4.3,2.4,0,1,0.005,67,0.003,0,0,36,100
12,483.2,1369,10.4,0,1.6,2.4,0.06,1,0.005,87,0.013,0,0,39,100
13.2,564.5,1479,8.7,0,1.1,2.4,0.002,1,0.005,86,0.003,0,0,39,100
19.2,896.6,2099.6,8.1,0,1.9,3.1,0,5,0.005,75,0.002,0,0,39,100
19,942.2,2425.3,16.3,0,1.7,3.9,0,3,0.005,53,0.002,0,0,40,100
10.8,258.7,432.1,2.1,0,0.3,0.5,0.04,3,0.005,74,0.002,0,0,42,100
10.3,256.3,408.9,4.9,0,0.3,0.8,0.01,2,0.005,78,0.002,0,0,41,100
9.8,576.5,1595.2,11.6,0,0.6,2.6,0,2,0.005,65,0.001,0,0,42,100
32.9,307.9,1998.7,3.77,0,0.6,2.4,0.04,6,0.005,79,0.009,0,0,32,100
21.8,281.8,1976.4,11.5,0,0.7,1.8,0.01,8,0.005,86,0.003,0,0,32,100
23,549.6,2618.3,9.1,0,0.7,4.2,0,3,0.005,77,0.001,0,0,36,100
19.7,524.5,2563.2,9.8,0,0.6,4.7,0,6,0.005,65,0.001,0,0,39,100
20.4,290.3,4781.4,5.8,0,1.9,3.4,0.14,1,0.018,86,0.018,0.001,2,20,75
25,327,6690.7,8.2,0,2.1,3.8,0.16,7,0.038,83,0.026,0.001,2,19,75
11,1197,3504.5,14.8,0,0.6,3.3,0.06,6,0.005,83,0.001,0,0,39,88.0952381
16.1,1225.8,4023.8,37.7,0,0.8,4.1,0,1,0.005,90,0.002,0,0,41,88.0952381
14.2,1553.3,3991.1,18.3,0,0.6,3.6,0,6,0.005,76,0.001,0,0,41,88.0952381
17,1620.6,4133.8,20.5,0,0.9,3.6,0,5,0.005,70,0.001,0,0,41,88.0952381
42.2,256.8,4134.2,2.6,0,4.8,23.3,0.09,7,0.04,54,0.029,0.003,1,21,100
23.3,327.1,2737.7,10,0,2.4,1.4,0.03,4,0.005,78,0.001,0,0,35,100
19,392.2,3535,28.3,0,3.6,29.8,0.01,8,0.005,69,0.001,0,0,39,100
21.6,541.3,3341.8,15,0,3,11.5,0,7,0.005,92.6,0.001,0,0,39,100
18.2,324,2574.5,14.2,0,2.7,1.3,0.03,5,0.005,94,0.001,0,0,35,100
28.6,541.3,7128,24.2,0,1.2,16.6,0.02,14,0.005,67,0.001,0,0,37,88.0952381
21.6,594.8,6635.4,14.6,0,1.4,9.4,0.03,16,0.005,84.5,0.001,0,0,37,88.0952381
23,391.6,5449.9,17,0,1,3.3,0.03,7,0.005,70,0.001,0,0,35,88.0952381
18.5,373.3,4861.1,12.4,0,0.9,3.2,0.04,8,0.005,51,0.031,0,0,32,88.0952381
24.7,246.9,1180.4,20.9,0,1.8,15,0,5,0.005,40,0.003,0,0,35,92.85714286
45.4,403.9,1479.6,4.9,0,1.2,2.4,0,3,0.01,37,0.005,0.001,0,32,92.85714286
36.7,244.7,1995.6,0,0,0.3,1.2,0.01,9,0.005,90,0.005,0.001,0,38,100
43.2,243.2,1944.7,0,0,0.2,1.4,0.01,5,0.005,76,0.003,0,0,38,100
59.3,713.6,5090,12.7,0,1,5.6,0,8,0.005,82.3,0.002,0,0,37,88.0952381
33.6,182.3,980.5,13,0.8,1.2,8.2,0,8,0.005,50,0.001,0,0,37,100
11.5,1218.8,5858.2,16.5,0.6,1.8,5.3,0.01,6,0.005,91,0.001,0,0,34,88.0952381
16.8,1064.6,6068.5,0,0,3.1,7.8,0,5,0.005,73,0.002,0,0,35,88.0952381
12.7,776.3,4866.3,24.5,0.5,2.8,7.6,0.01,3,0.005,87,0.002,0,0,34,88.0952381
17.8,562.5,4897.5,48.4,0,3.6,11.2,0,7,0.005,88.4,0.003,0,1,34,88.0952381
14.9,426.2,1871,18.9,0,2.5,12.3,0.01,5,0.005,72,0.003,0,0,31,100
13.2,593.6,2270,9.7,0,1.5,2.6,0.01,6,0.005,78,0.001,0,0,31,100
17,228.1,2029.7,45.9,0,3.6,65.5,0,3,0.005,93.5,0.002,0,0,30,100
22.3,828.8,3204,0,0,1.8,8.1,0,3,0.005,66,0.001,0,0,29,100
18,315.1,999.8,12.4,0,0.8,0.7,0.03,1,0.005,86,0.002,0.001,0,36,100
15.1,277.6,885.9,13.2,0,0.7,1.2,0.03,1,0.005,87,0.004,0.001,0,35,100
20.6,573.1,1438.2,9.3,0,1.5,1.7,0,4,0.005,78,0.003,0,0,38,100
15.8,540.8,1283.3,5.9,0,1.5,1.5,0,6,0.005,81,0.004,0,0,36,100
7.2,315.4,1073.7,6.2,0,0.6,0.6,0,1,0.005,97,0.002,0,0,33,100
8.4,345.6,1181,0.6,0,0.5,0.8,0.01,1,0.005,94,0.003,0.001,0,35,100
19.9,561.6,1869.4,7.7,0,1.1,1.6,0,6,0.005,71,0.003,0,0,41,100
11,602.3,1959.4,5.5,0,1.4,2.6,0,9,0.012,52,0.004,0,0,41,100
27.1,134.9,618.8,21.8,0,2.6,54,0.01,4,0.005,89,0.004,0,0,33,100
24.5,142.5,791.2,20.1,0,2.3,28,0.02,2,0.005,85.2,0.002,0,0,31,100
32.6,132.5,710.2,39,0,3,73.3,0,7,0.005,87.5,0.003,0,0,33,100
17.5,229.6,724.2,5.9,0,1.1,1.1,0,4,0.005,95,0.007,0,0,40,100
15.6,219.3,668.1,5.3,0,1.6,1.7,0,3,0.005,84,0.004,0,0,40,100
18.7,562,1529.3,16.7,0,4.9,10.1,0,6,0.005,98.7,0.002,0,0,37,100
24.2,538.8,1376.8,16.5,0,5.7,14.2,0,3,0.005,91.4,0.003,0,0,37,100
18.2,235.9,677,4.8,0,1,1.1,0.01,4,0.005,88,0.003,0,0,39,100
23,216.5,620,4,0,1,0.9,0.01,7,0.005,83,0.002,0,0,41,100
21.4,567.7,1455.8,21.3,0,7.4,23.3,0,5,0.005,68,0.003,0,0,36,100
16.3,515.7,1388.5,6.3,0,2.9,4.2,0,10,0.005,55,0.003,0,0,38,100
19,343.1,1189.9,4.4,0,2.7,4.2,0,4,0.005,86,0.004,0,0,42,100
15.1,342.2,1255.2,9.6,0,1.4,0.9,0.04,3,0.005,77,0.002,0,0,43,100
16.1,435.7,1368,1.8,0,2.5,1.5,0,6,0.005,59,0.003,0,0,38,100
7.7,154.3,572.5,3.6,0,0.9,1.5,0,3,0.005,82,0.013,0,0,41,100
10.8,179.8,620.7,4.9,0,1,1,0.01,1,0.005,87,0.009,0,0,41,100
12,373.8,1186.9,6,0,1.3,0,0,5,0.005,61,0.003,0,0,39,100
13.9,173.6,671.5,3.6,0,0.9,0.6,0.5,1,0.005,84,0.007,0,0,40,82.14285714
14.6,438.2,1097.8,7.7,0,1.9,1,0,7,0.014,76,0.003,0,0,35,100
17.3,484,1234.2,9.8,0,2.9,4.2,0,6,0.005,79,0.005,0.001,0,38,100
13.4,114.9,1917.1,2.6,27.7,5,2.3,0.39,9,0.047,71,0.05,0.003,3,19,50
9.1,100.1,1982.9,2.9,33.9,5.7,1.8,0.29,5,0.032,70,0.005,0.001,3,19,50
24.2,155.8,624,0,0,0.6,0.5,0.04,1,0.005,38,0.03,0.001,0,36,92.85714286
21.1,136.5,539.2,9,0,0.4,0.4,0.03,1,0.005,48,0.024,0,0,39,100
23.8,514.3,1487.7,10.1,0,2.1,8.9,0,8,0.005,68,0.002,0,0,42,100
26.6,468.8,1202.6,17.4,0,1.6,24.6,0,6,0.005,54,0.001,0,0,42,100
14.4,195.1,566.2,3.3,0,0.6,0.4,0.01,1,0.005,92,0.001,0,0,37,100
19.4,240.2,561.3,3.5,0,0.6,0.3,0,2,0.005,53,0.001,0,0,28,100
15.1,429.9,1335.6,0,0,0,0.9,0,2,0.015,79.7,0.001,0,0,41,100
25.7,588.8,1485.1,0,0,0.6,1,0.01,3,0.005,58,0.001,0,0,32,100
17.8,507,1453.7,3.2,0,0.3,0.7,0,1,0.005,83.4,0.001,0,0,30,100
13.4,500.4,1415.7,0,0,0.4,0.7,0.01,2,0.005,77.5,0.002,0,0,32,100
45.6,1025.3,5704.3,18.2,0,1.6,1.7,0.06,5,0.005,87,0.008,0.001,0,30,88.0952381
35.5,1129.7,6367.2,25.6,0,1.7,2.1,0.02,9,0.0055,87,0.017,0.001,0,30,88.0952381
13.4,487.9,3190.6,52.4,0,5.4,15.8,0.01,4,0.005,88,0.032,0.001,1,32,100
8.6,566.1,4503.9,33.4,0,2.6,6.3,0,3,0.005,64,0.006,0,1,32,88.0952381
18.5,437.6,3417.8,110.2,0,7.3,55.8,0,3,0.005,76,0.005,0.001,1,32,88.0952381
13.9,633.6,4928.9,37.8,0,4.2,8.2,0.01,3,0.03,61,0.003,0,1,33,88.0952381
22.3,463.2,3754.9,0,0,2,2.4,0.74,8,0.054,91,0.052,0.001,2,19,75
8.2,169.9,2295.5,0,0,0.7,1,0.35,3,0.005,88.4,0.023,0.002,2,30,88.0952381
36.5,197.3,529.8,1.7,0,1.3,1.8,0.01,8,0.005,85,0.006,0,0,39,100
32.4,269.5,837.9,3.2,0,1.4,1.5,0.01,2,0.005,87,0.004,0.001,0,38,100
25.2,717,2135.8,17.9,0,7.3,16.5,0,7,0.005,59,0.004,0,0,36,100
24,723.3,2490.4,26.3,0,7.2,33.2,0,7,0.005,80.9,0.005,0.001,0,36,100
105.1,280.8,1859.8,23.4,1.9,4.3,47.7,0.01,1,0.005,88,0.01,0.001,0,34,100
97,293.1,1931.9,24.4,0,3.7,53.4,0,6,0.005,88,0.01,0.001,0,34,100
95.3,289.8,1603.3,34.7,0,3.6,60,0,7,0.005,54,0.002,0,1,32,100
29,477.6,7072.2,6.2,0,3.1,3.2,0.86,2,0.015,91,0.031,0.002,2,25,70.23809524
22.6,1016.6,4703.6,16.1,0,1.7,2.9,0.01,2,0.005,81,0.005,0,0,35,88.0952381
20.6,1122.1,5217.2,15.9,0,2,3.3,0.02,5,0.005,55,0.005,0,0,37,88.0952381
19.9,1281.7,5017.1,16.8,0,1.7,3.1,0,8,0.005,93.7,0.001,0,0,36,88.0952381
20.9,1397.4,5065.9,15.4,0,1.4,3.1,0,5,0.005,91.2,0.001,0,0,34,88.0952381
17,1338.8,5018.5,15,0,1.3,3,0,5,0.005,82,0.001,0,0,37,88.0952381
30.2,591.9,6552.3,3.9,13.2,18.1,8.4,0.7,3,0.02,81,0.031,0.001,3,21,44.04761905
26.2,543.9,7386.8,2.2,2.4,3,4.5,0.71,1,0.041,88,0.036,0.001,3,21,55.95238095
21.8,356.2,5237,5.6,10.9,17.8,5.8,0.89,2,0.09,76,0.027,0.003,3,20,44.04761905
23,329.4,5427.3,0,0,2,2.8,0.8,2,0.13,94.9,0.035,0.004,3,19,55.95238095
10.3,189.6,1392,0.5,0,0,0,0,5,0.005,51,0.008,0.001,0,35,100
9.6,174.7,1041.1,0,0,0.7,0.4,0,5,0.005,63,0.008,0.001,0,34,100
9.4,148.9,1022.5,0,0,1.1,0.4,0,4,0.005,63,0.005,0.001,0,35,100
47.5,843.7,5115,55.8,0,23.8,17.8,0,16,0.034,54,0.064,0.006,2,22,80.95238095
9.4,577.7,1300.3,9.7,0,0.7,1.7,0.01,3,0.005,78,0.003,0,0,34,100
10.8,519.1,1157.7,7,0,1.5,2.1,0.05,4,0.005,60,0.002,0,0,34,100
22.8,1020.7,2707.8,9.4,0,1.3,2.6,0.01,6,0.005,53,0.002,0,0,29,100
16.1,941.7,1909.1,13.1,0,1.6,3.2,0.01,2,0.005,66,0.002,0,0,34,100
12.5,51.5,405.7,6.7,0,3.1,10.7,0,16,0.011,61,0.007,0.001,0,30,100
18,126,686.1,3.8,0,1.7,5.1,0,10,0.005,58,0.007,0.001,0,34,100
47,347.4,2768.5,13.3,0,0.9,10.1,0.01,6,0.005,73,0.004,0,0,31,100
23.5,323.3,1958.8,9.5,0,0.8,3.6,0.01,4,0.005,81,0.002,0,0,35,100
28.8,386.7,2952.1,13.3,0,1.2,10.8,0.01,6,0.005,63,0.003,0,0,31,100
25.4,461.1,2202.1,16.5,0,1.3,4,0,5,0.005,84.2,0.002,0,0,35,100
26.4,596.6,2447,11.7,0,1.5,2.2,0,4,0.01,47,0.003,0,0,33,100
29.5,560.6,1717.4,10.1,0,0.9,2,0,9,0.005,50,0.002,0,0,35,100
23.8,530.5,7213.4,0,2.7,5.2,4.1,0.84,6,0.046,81,0.033,0.001,0,18,63.0952381
7.2,288.1,615,6.8,0,0.7,1.5,0.01,1,0.005,69,0.003,0,0,33,100
9.6,344.4,816.4,5.7,0,0.6,1.1,0.01,4,0.005,50,0.001,0,0,32,100
8.4,354.2,908.3,5.2,0,0.6,1.4,0,1,0.005,51,0.003,0,0,41,100
11.3,723.7,1544.1,7.6,0,1.1,2,0.09,2,0.005,74,0.002,0,0,33,100
12.5,772,1989.1,9.1,0,0.8,1.3,0,7,0.005,79,0.001,0,0,31,100
17.5,784.4,2103.8,7.7,0,1.8,2.1,0,3,0.005,76,0.002,0,0,41,100
12.7,536.5,4795,31.6,0.6,2.8,9.4,0.01,4,0.005,80,0.001,0,0,34,88.0952381
13.2,337,3946.4,48.2,0.3,3.6,25.6,0,1,0.005,91,0.003,0,0,33,100
18.5,411.6,4678.1,53.4,0,3.3,12.7,0,6,0.01,74,0.004,0,1,34,88.0952381
18.5,228.2,3999.1,100.9,0,4.2,63.6,0,1,0.005,73,0.002,0,1,33,100
21.4,269.6,791.3,4.2,0,0.6,0.8,0,9,0.005,50,0.002,0,0,37,100
22.6,261,714.7,3.8,0,0.3,0.4,0,8,0.005,56,0.002,0,0,37,100
4.3,100.8,1784.3,3,0.6,1.3,2.8,0.14,2,0.032,82,0.032,0.003,2,21,86.9047619
3.1,101.9,1549.2,2.5,0,0.9,2.1,0.4,5,0.024,46,0.024,0.002,2,22,80.95238095
9.1,113.8,1739.3,9,0.7,0.7,0.9,0.23,7,0.054,82,0.037,0.004,2,21,86.9047619
7.7,131.6,1721.5,1.2,0,4,3.8,0.3,5,0.087,56,0.034,0.003,2,21,80.95238095
22.6,351.1,988.3,0,0,0.5,0.7,0,6,0.005,51,0.002,0,0,30,100
24,413.1,977.7,2,0,0.4,0.5,0,9,0.005,61,0.003,0,0,30,100
11,143.4,2782.2,31.3,20.4,49.5,13.8,0.2,6,0.016,76,0.024,0.001,2,21,63.0952381
7,64.8,1824,0,3.6,2.4,1.7,0.27,4,0.019,74,0.035,0.004,2,21,80.95238095
18.7,220.6,768.3,0,0,0.2,0.4,0,4,0.005,92,0.001,0,0,37,100
19.4,214.9,791.4,0,0,0.2,0.3,0,3,0.005,70.2,0.001,0,0,38,100
18.7,459.4,1182.9,4.3,0,0.7,1.6,0,2,0.005,68,0.003,0,0,40,100
11.8,462.2,1379.6,8.2,0,0.9,3.6,0,3,0.005,74,0.004,0,0,41,100
12.5,555.6,1478.6,6.8,0,0.9,2.3,0,17,0.005,87,0.002,0,0,41,100
16.1,964,2077.4,7,0,1.5,1.7,0.01,10,0.005,68,0.005,0.001,0,33,100
11.5,79.5,522.9,17.2,0,1.1,10.6,0,6,0.005,53,0.002,0,0,29,100
13.9,232.7,753.6,0,0,0.5,0.4,0,8,0.005,89.4,0.002,0,0,36,100
61.9,982.2,5887.7,38.4,0,15.6,8.9,0.57,16,0.198,73,0.113,0.002,3,14,55.95238095
44.2,778.1,5138.9,2.3,0,8.1,3.9,0.32,11,0.046,30,0.054,0.005,3,21,54.76190476
15.6,334.9,659.9,9.6,0,1.6,2,0.08,2,0.005,83,0.03,0.001,0,36,100
11.3,328.8,665.8,11.5,0,4.2,2,0.01,1,0.005,92,0.003,0,0,35,100
15.8,617.4,1357.3,14.2,0,2.2,3.3,0,2,0.005,68,0.001,0,0,31,100
5.5,579.5,1622.8,24,0,0.9,1.5,0.02,1,0.005,32,0.036,0.001,0,36,92.85714286
7.7,524.4,1419.2,16.1,0,1.2,3.7,0.04,5,0.005,81,0.003,0,0,27,100
15.4,790.7,1664.1,10.7,0,0.7,1.8,0,2,0.005,62,0.002,0,0,40,100
22.1,709.7,1623.4,11.8,0,1.5,3.6,0,7,0.005,82.5,0.002,0,0,30,100
65,647.4,2674.7,21.1,0,1.1,2,0.03,6,0.005,62,0.002,0,0,30,100
12,577.6,1462.5,14.9,0,1.2,2.1,0.01,5,0.005,92,0.008,0,0,27,100
14.4,862.1,2620.5,7.6,0,1,1.9,0,9,0.005,60,0.002,0,0,39,100
16.6,857.6,1707.3,11,0,1.3,2,0,3,0.005,53,0.002,0,0,31,100
38.4,500.1,2577.6,39.3,0,4.6,81,0,3,0.005,83,0.004,0,0,34,100
43.2,1285.9,5957.4,19.6,0.7,1.8,1.7,0,5,0.011,83,0.007,0.001,0,34,88.0952381
46.6,1174.1,8012.2,13.5,1.4,2,1.8,0.02,7,0.005,53,0.007,0.001,0,36,76.19047619
12,616.6,1547.8,11.9,0,1.3,2,0.01,3,0.005,80,0.01,0,0,37,100
15.8,1039.2,2016,12,0,1.2,2.4,0.01,7,0.005,89,0.005,0,0,37,100
13.7,638.6,1391.8,9.6,0,1.2,1.7,0.01,5,0.005,83,0.015,0,0,32,100
12,1398.9,3263.3,13.4,0,1.6,2.9,0.01,3,0.005,58,0.001,0,0,38,88.0952381
13.4,815.9,2252.3,10.1,0,1.9,2.9,0.01,6,0.005,86,0.002,0,1,31,100
14.9,480.7,1088.6,13.9,0,2,2.2,0.01,1,0.005,73,0.004,0,0,34,100
5.4,457.7,1080.6,12.8,0,2.1,2.8,0.01,1,0.005,80,0.003,0,0,32,100
19,743.4,2161.1,11.9,0,2.7,3,0,5,0.005,73,0.002,0,0,30,100
15.1,453.4,1812.6,27.9,0,3.3,7.8,0,3,0.005,62,0.003,0,1,32,100
30.5,312,3105.9,15,0,1.2,6.3,0.01,2,0.005,85,0.004,0.001,0,34,100
31.7,319,2273.6,14.5,0,1.2,5.3,0.01,5,0.005,86,0.19,0.001,0,35,100
15.4,345.9,5041,10.2,0,1.4,12.7,0.01,6,0.005,71,0.003,0,0,34,88.0952381
15.8,357.3,3616.6,28.2,0,1.4,10.4,0,2,0.005,65,0.003,0,0,34,100
22.1,401.5,2788,13.7,0,1.1,1.9,0.01,10,0.005,84,0.035,0,0,33,100
6,369.8,2566.3,4.7,0,0.9,1.8,0.01,3,0.005,61,0.03,0,0,29,100
18.2,769.3,4037.9,5.6,0,1.1,3.5,0,13,0.005,65,0.001,0,0,37,88.0952381
16.3,584.3,3092.8,0,0,1.5,3,0,9,0.005,67,0.003,0,0,37,100
25,262.7,1173.3,45.1,0,1.8,53.1,0,8,0.005,52,0.003,0,0,37,100
19.9,424.9,1223.2,33.3,0,2.1,25,0,9,0.005,84.9,0.003,0,0,36,100
19.9,231.2,3122.3,31,0,2.1,26.8,0.01,3,0.005,80,0.006,0,1,32,100
46.3,453.3,4045.8,31,0.5,2.9,10,0.01,4,0.005,71,0.009,0,1,33,100
24,235.9,2914.3,45.5,0,2.6,52.5,0.01,2,0.005,66,0.002,0,1,33,100
24.2,510.5,3694.3,46.2,0,3.7,10.5,0.01,3,0.005,72,0.002,0,1,33,88.0952381
4.1,562.2,5193.2,4.3,0,1.4,3.6,0.069,7,0.015,97,0.021,0.001,3,21,73.80952381
2.4,630.1,6368.9,5.6,0.3,2,4.8,0.93,5,0.024,94,0.032,0.001,3,21,55.95238095
14.2,410.7,5073.1,0,0,1.1,3,0.74,1,0.037,80,0.018,0.002,3,22,55.95238095
15.1,453.1,4472.3,0,0,1.1,2.9,0.94,1,0.033,57,0.024,0.001,3,22,67.85714286
28.8,371.4,1039.4,6.1,0,0.6,6.6,0,6,0.005,65,0.001,0,0,37,100
27.6,525.8,1459.1,0,0,0,0.7,0,4,0.005,99.5,0.001,0,0,38,100
31.4,385.6,1250.1,5.3,0,0.4,0.8,0,4,0.005,57,0.002,0,0,37,100
15.1,480.5,1522.8,11.3,0,1.5,2.4,0.01,1,0.005,78,0.006,0,0,32,100
15.8,468.2,1534.5,0,0,1.6,2.1,0.01,2,0.005,79,0.031,0,0,32,100
22.1,808.3,2144.8,16.5,0,1.8,2.9,0,4,0.005,51,0.001,0,0,33,100
26.4,779.8,2078.8,10,0,1.9,3.4,0,5,0.005,91.9,0.002,0,0,33,100
33.1,708.6,5251.9,15.7,0,6.6,10.7,0.49,10,0.015,60,0.027,0.001,2,28,76.19047619
35.8,846.6,7570,11.5,0,5.9,6,0.84,14,0.031,28,0.024,0.001,1,25,55.95238095
42,829.2,7333.5,11.5,0,6.4,9.5,0.84,20,0.034,29,0.027,0.001,1,25,55.95238095
11.5,367.4,1308.3,5.9,0,0.5,1.3,0.01,5,0.005,84,0.002,0,0,39,100
12.7,278.6,1185.6,0,0,0.4,1.1,0.05,6,0.005,89,0.002,0,0,32,100
10.8,893.1,2320.8,11.5,0,1.1,1.8,0,8,0.005,78.9,0.004,0,0,40,100
11,785.2,2249.8,16.1,0,1.1,1.9,0,7,0.005,64,0.005,0.001,0,31,100
49,204.4,6795.4,54.9,0,3.5,81.8,0.1,14,0.005,93,0.005,0.001,0,32,82.14285714
10.6,97.9,574.3,27.4,0,1.4,30.4,0,5,0.005,66,0.003,0,0,29,100
15.1,88.5,523.8,37.9,0,1.9,45.1,0,5,0.005,73,0.003,0,0,29,100
10.6,100,585.6,3,0,1,0.5,0,6,0.005,88,0.003,0,0,28,100
9.6,659.7,1546.8,9.3,0,1.7,2.2,0.01,2,0.005,87,0.005,0,0,36,100
9.6,659.6,1596.2,11.3,0,1.9,2.7,0.01,3,0.005,96,0.004,0,0,32,100
19,870.4,2467.3,10.4,0,1.7,2.5,0,5,0.005,80,0.002,0,0,36,100
16.3,945.1,2925,0,0,3,5.6,0,9,0.005,74,0.002,0,0,33,88.0952381
24.7,492.3,1441.9,11.6,0,1.1,26.4,0,9,0.005,64,0.006,0.001,0,36,100
31,438.6,1749.7,0,0,0,0,0,14,0.005,76,0.005,0.001,0,35,100
4.3,39.6,330.3,1.2,2.4,2.8,1.4,0.04,1,0.005,77,0.005,0,1,42,100
37.2,287.6,5364.3,28.7,0,2.6,34.9,0,9,0.005,76,0.005,0.001,0,38,88.0952381
25.9,240.5,4202.2,46.3,0,4.6,81.4,0.01,5,0.005,59,0.004,0,1,39,100
13.4,242,4769.1,28.4,0,2.8,45.9,0,3,0.011,86,0,0,0,36,88.0952381
12.2,216,3626,60.5,0,5.9,90.5,0.01,7,0.013,83,0.004,0.002,0,37,100
26.9,1074.6,3378.3,8,0.7,0.8,2.8,0,1,0.005,75,0.003,0,1,40,88.0952381
23.5,1116.8,3266.6,14.9,1.1,6.6,3.8,0.01,7,0.005,73,0.002,0,0,38,88.0952381
38.4,1295.4,3314.6,20.4,0,2.2,3,0,6,0.005,57,0.001,0,0,35,88.0952381
15.4,1322.3,3273.7,11.4,0,9.5,5,0,7,0.005,69,0.001,0,0,32,88.0952381
17,234.3,2578.3,21.5,0,1.8,31.4,0.01,3,0.005,83,0.004,0.001,0,36,100
15.8,220.9,3653.1,23.5,0,1.8,30,0.03,7,0.005,90,0.013,0.001,0,36,100
21.4,215.9,2450.2,30.3,0,2.1,40.4,0.01,9,0.005,87,0.004,0,0,37,100
33.6,227.9,3683.1,34.3,0,2.3,39.8,0.01,7,0.005,74,0.005,0.001,0,37,100
13,412,4762.3,1.8,0,1.8,2.1,0.74,15,0.01,87,0.017,0.001,1,28,70.23809524
13,419.4,4737.3,2.3,0,1.3,2.4,0.68,22,0.013,30,0.018,0.001,1,29,55.95238095
10.3,272.5,1017.8,4.6,0,0.7,0.6,0,18,0.005,53,0.003,0,0,35,100
10.6,150,684.5,7.6,0,1.3,2.1,0,16,0.005,83.6,0.005,0.001,0,35,100
20.2,542.8,2807.7,16.6,0,1.8,2.2,0,6,0.005,81,0.02,0,0,38,100
31.2,856.3,4235.2,9,0,1.1,2.1,0,10,0.005,82.8,0.002,0,0,30,88.0952381
30.2,484,1924,0,0,2.6,1.1,0.02,3,0.005,84,0.047,0,0,39,100
22.6,356.3,1340,3.1,0,2.5,0.8,0.02,1,0.005,83,0.016,0,0,39,100
30.7,839.7,3048.5,11.4,0,3.2,1.4,0.02,5,0.005,76,0.001,0,0,40,100
32.9,663.5,2525,6.9,0,3.4,1.4,0,10,0.005,58,0.001,0,0,39,100
20.4,536.6,2335.2,22.4,0,1.6,2.9,0.03,1,0.005,79,0.036,0,0,37,100
19.9,649.9,2257.5,20.3,0,2,1.4,0,1,0.005,81,0.043,0,0,35,100
54.2,243.3,1219.5,15.1,0,1.1,1.1,0.01,2,0.005,83,0.02,0,0,39,100
27.4,890.4,3554.3,9,0,2,2.1,0,3,0.005,69,0.003,0,0,38,88.0952381
25,1063.5,3498.8,14.2,0,2.1,1.4,0,6,0.005,67,0.002,0,0,35,88.0952381
78.7,480.4,2128.8,2.3,0,3.6,1.8,0,5,0.005,63,0.002,0,0,39,100
36.2,346.7,1379.7,0,0,1.5,1,0.02,2,0.005,79,0.011,0.001,0,36,100
24,274.5,1053.6,0,0,3,1.5,0.03,1,0.005,76,0.017,0,0,31,100
27.8,657.7,2583,5.1,0,2.2,1.7,0.03,5,0.005,68,0.003,0,0,36,100
26.6,614.6,2239.5,9.1,0,4.8,1.7,0.02,4,0.005,77,0.005,0.001,0,36,100
24,361.7,786.9,6.1,0,2,1.1,0,1,0.005,81,0.039,0,0,32,100
28.1,412.4,1233.1,6.1,0,2.4,1.5,0.01,3,0.005,74,0.03,0,0,31,100
16.6,728.5,1602.5,4.8,0,3.5,1.6,0,4,0.005,80,0.002,0,0,33,100
106.6,387.1,2859.3,44.9,0,8.7,91.2,0.01,4,0.005,78,0.011,0,0,31,100
19.7,408.4,3856.7,45.4,0,6.3,65.4,0.01,6,0.005,88,0.049,0,0,31,100
32.2,446.8,3609.4,52.4,0,7.6,81.8,0,4,0.012,69,0.005,0.001,0,31,100
93.8,363.8,3584.8,15,0.5,1.7,6.1,0.01,4,0.005,91,0.09,0.001,0,32,100
95.8,348.9,3394.7,22.5,0,1.5,8,0.01,4,0.005,84,0.007,0.001,0,29,100
24,441,3513.3,13.5,0,1.2,5.7,0,1,0.005,84,0.003,0,0,34,100
25.7,475.1,3619.2,27.7,0,2.4,6.9,0.01,7,0.005,88,0.006,0.001,0,31,100
109.4,437.5,3899.8,47.4,0,10.2,65.5,0,4,0.005,84,0.014,0.001,0,33,100
88.1,561.5,4594.7,61.2,0,10.9,75.3,0.01,5,0.005,82,0.013,0.001,0,30,88.0952381
25.7,444.4,3566.9,51.6,0,9.4,64.5,0,2,0.005,80,0.006,0.001,0,31,100
31.7,571,4070.5,62.7,0,10.9,73.1,0,2,0.005,81,0.007,0,0,32,88.0952381
22.3,406,2780.3,11.4,0,1.3,3.3,0.3,1,0.005,66,0.008,0.001,0,32,88.0952381
38.9,619,2803.4,9.8,0,0.9,3.5,0,6,0.005,79,0.002,0,0,34,100
31.4,504.2,3270.5,22.4,0,1.9,4.6,0.01,5,0.005,77,0.003,0,0,33,100
2.4,301.6,1074.6,7.3,0,0.7,2.1,0.09,1,0.005,75,0.008,0.001,0,31,100
21.8,622.9,2737.4,10.3,0,0.7,2.4,0,5,0.005,83.9,0.002,0,0,34,100
19.4,488.6,1379.3,10.4,0,1,1.8,0,3,0.005,67,0.002,0,0,33,100
2.4,22.6,357.9,37,4.2,97.7,21.7,0.01,6,0.005,97,0.006,0.001,0,32,76.19047619
21.8,272.4,1292.4,6.9,0,1.3,2.5,0,3,0.005,73,0.006,0.001,0,35,100
32.6,164.3,674.7,2.5,0,0.6,9.3,0,10,0.005,97,0.001,0,0,38,100
37.4,406,1206.3,13.6,0,1,5.5,0,4,0.005,72,0.003,0,0,29,100
17.3,452.7,1589.4,10.4,0,1.3,1.8,0.01,4,0.005,90,0.006,0.001,0,31,100
7.7,419.2,1242.6,4.4,0,1.5,3,0.01,2,0.005,85,0.003,0,0,31,100
18.3,771.8,2267.3,14.7,0,2.1,2.6,0,3,0.005,76,0.002,0,0,31,100
12.2,698.7,1813,15.9,0,2.5,3.6,0.01,2,0.005,74,0.002,0,0,32,100
2.4,402.8,1761.8,7.6,0,0.7,2.2,0.01,3,0.005,86,0.002,0,0,40,100
16.8,388.7,1406.9,6.3,0,1.2,1.6,0.04,9,0.005,79,0.004,0,0,40,100
11.5,806.8,2422.9,10.5,0,2.2,3.2,0,4,0.005,72,0.003,0,0,40,100
13.7,838.7,2544.2,9.7,0,1,2.8,0,2,0.005,93.4,0.003,0,0,41,100
24,275.5,4340.9,0.8,12.6,19,6.9,0.77,2,0.074,82,0.031,0.003,2,20,63.0952381
17.8,254.3,3831,3,8.1,12.4,4.6,0.84,4,0.144,63,0.033,0.003,2,19,55.95238095
28.1,553.8,1770.7,17.1,0,1.7,3.6,0,3,0.005,95.5,0.003,0,0,33,100
19.9,694.6,2867.6,10.2,0,1.7,4.5,0,10,0.005,98.5,0.003,0,0,35,100
6.2,22.2,188.5,0.7,0,0,0,0.01,2,0.005,94,0.005,0.001,0,38,100
36,138.5,710,4.9,0,1.3,1,0.04,5,0.005,94,0.003,0,0,39,100
23,420.1,1473,14.7,0,6.6,12.3,0,5,0.005,67,0.003,0,0,37,100
27.8,459.1,1453.3,19.4,0,8.9,14.8,0,5,0.005,92.2,0.003,0,0,37,100
17.4,143,2208.9,0,42.6,6.9,2.1,0.37,3,0.029,82,0.042,0.002,3,18,38.0952381
19.2,237.6,3654.1,2.4,34.8,6.5,2.3,0.54,7,0.042,55,0.042,0.002,3,18,32.14285714
26.6,165,1923.1,0,41,4.8,0.9,0.49,7,0.059,29,0.058,0.006,3,19,30.95238095
12,122.8,2737.7,2,29.2,4.7,2.2,0.39,2,0.025,39,0.032,0.002,3,21,50
7.7,157.8,2899,0,18.9,3.6,2.4,0.37,8,0.012,76,0.029,0.002,2,20,57.14285714
8.9,135.9,2850.4,0,24.2,4.2,1.7,0.49,6,0.048,76,0.035,0.005,2,20,57.14285714
10.6,145.3,2915.1,3.1,31.9,4.7,1.5,0.46,6,0.048,64,0.035,0.004,2,19,45.23809524
6.5,44.5,624.5,8,6.3,31.4,5.2,0.06,3,0.005,51,0.008,0.001,1,40,88.0952381
41.8,97.1,2171.3,3,18.8,4.9,2,0.38,2,0.005,76,0.014,0.001,1,30,64.28571429
51.4,453.8,5505.6,3.9,37,34.5,10.8,0.66,3,0.005,69,0.035,0.003,3,19,32.14285714
10.8,371.3,1527.1,12.5,0,0.7,1.1,0.01,1,0.005,86.9,0.004,0.001,0,33,100
10.1,647.4,1615,13.1,0,1.2,2.1,0,10,0.005,37,0.004,0,0,39,92.85714286
16.3,620.1,1552.4,19.9,0,0.8,2.3,0.02,9,0.005,86,0.003,0.001,0,23,100
13.9,587,1414.2,28.1,0,2,2.4,0.01,6,0.005,85,0.037,0,0,25,100
14.9,931.8,1971.7,18.4,0,1.2,4.8,0,9,0.005,78,0.004,0,0,33,100
13.2,373.1,1364.5,9.2,0,0.5,1.2,0.04,2,0.005,77,0.002,0,0,30,100
63.8,329.5,1337.5,6.3,0,0.5,1,0.03,5,0.005,69,0.027,0.001,0,33,100
10.3,626.7,1582.3,0,0,0.5,1.2,0.01,1,0.005,68,0.001,0,0,41,100
10.8,549.4,1486.1,6,0,0.4,0.9,0.01,3,0.005,70,0.001,0,0,41,100
11,713.9,1803.1,12.6,0,1.3,2.8,0,6,0.011,90.2,0.003,0,0,40,100
11.3,633.1,1688.3,15.7,0,1.1,2.2,0,6,0.013,99.4,0.004,0,0,32,100
19.9,147.9,1539.9,6.9,0,1.2,3.8,0.06,1,0.005,71,0.006,0.001,0,38,100
13.2,208.3,1762.2,4.4,0,1.4,3.4,0.04,6,0.005,83,0.006,0.001,0,38,100
48,337.2,1915.8,5.4,0,1.8,4,0,7,0.005,68,0.004,0,0,38,100
14.9,549.8,2460.2,5.9,0,2,3.9,0,7,0.005,87.3,0.003,0,0,38,100
5,153.3,1850.4,0,0,1.2,2.4,0.23,7,0.037,84,0.042,0.002,3,20,79.76190476
19.4,182.8,2525.7,10.6,15.3,6.2,3,0.4,3,0.038,93,0.037,0.001,3,19,50
7.9,132.5,1770.7,0,0,0.5,0.7,0.28,1,0.133,76,0.048,0.005,3,20,73.80952381
22.6,138,2007.7,3.1,17.9,5.4,1.8,0.44,6,0.07,87,0.04,0.004,3,19,50
25.4,533.2,1454.4,28.8,0,3.6,17.5,0.01,8,0.005,87.8,0.004,0,0,29,100
26.6,592.6,1368.9,5.7,0,2.6,1.5,0,6,0.005,85.4,0.003,0,0,36,100
27.8,551.5,1155.9,5.3,0,2.5,1.2,0,4,0.005,86.1,0.003,0,0,36,100
19.7,343.2,3609.2,14,0,1.2,2.6,0.01,1,0.005,84,0.022,0.001,0,33,100
37.7,307.2,2020,14.3,0,1.3,4,0.01,1,0.005,70,0.023,0.001,0,34,100
28.3,514,3564.1,12.6,0,1.1,2.5,0,8,0.005,80.3,0.005,0.001,0,35,88.0952381
36.5,489.9,2148.4,11.6,0,1.2,3,0,3,0.005,53,0.003,0,0,35,100
34.6,353.3,1375.7,7.7,0,1.3,2.4,0,1,0.005,57,0.013,0,0,33,100
32.6,384.9,1815.5,0,0,1.7,3,0.01,2,0.005,83,0.03,0,0,33,100
45.6,553,2000.9,8.3,0,1.6,2.9,0,6,0.005,56,0.045,0.005,0,34,100
46.3,522,2001.4,13.4,0,2.2,3.5,0,5,0.005,62,0.003,0,0,31,100
65.3,436.8,1754.4,12.1,0,0.9,1.7,0.01,1,0.005,82,0.006,0.001,0,35,100
19.2,408.9,1638.1,7.9,0,0.8,1.5,0.01,1,0.005,78,0.006,0,0,33,100
15.4,698.8,2242.5,10.1,0,1.1,1.8,0,4,0.005,59,0.001,0,0,42,100
18.7,683.2,2096.7,7.5,0,1.1,1.6,0,9,0.005,51,0.001,0,0,40,100
9.1,193.6,1842.1,6,0,1.1,2,0.22,1,0.013,75,0.014,0.001,2,27,94.04761905
19,309.7,2570.6,9.7,0,2.4,2.8,0.26,4,0.024,62,0.023,0.002,2,23,80.95238095
26.2,451.7,3918.1,0,0,2.6,2.9,0.52,7,0.041,66,0.032,0.002,1,22,82.14285714
14.4,1309.3,4801.4,25.4,0,0.8,4.3,0.01,1,0.005,80,0.006,0,0,40,88.0952381
11,249.3,2815,30.4,0,2,31.7,0.01,3,0.005,91,0.011,0.001,0,31,100
15.6,1501.8,5171.7,18.2,0,1.2,4.2,0.01,5,0.005,95.5,0.001,0,0,41,76.19047619
16.1,171,2998.4,52.3,0,3.6,64.7,0.01,8,0.005,53,0.002,0,1,33,100
14.6,250.8,2013.5,3.8,0,1.6,2.1,0.1,9,0.005,32,0.023,0.001,1,31,86.9047619
10.1,208.6,3186.2,0,0,1,1.1,0.23,7,0.024,62,0.016,0.001,1,28,94.04761905
32.2,219,2867.2,37.5,0,2.3,44.9,0,5,0.005,79.2,0.003,0,0,37,100
25.9,200,2021.4,46.9,0,3.1,70.9,0,7,0.005,77,0.003,0,0,37,100
31.2,366.9,4533.9,50.6,0,6.5,60.7,0.02,3,0.005,88,0.018,0.001,0,31,88.0952381
28.6,315.9,3973.6,74.6,0,7.5,76.2,0,13,0.005,56,0.004,0,0,31,100
13.4,774.9,2163,9.2,0,0.7,1.9,0.01,6,0.005,67,0.001,0,0,43,100
11,576.7,1239.1,7.6,0,0.3,1.6,0.01,3,0.005,61,0.002,0,0,42,100
13.2,758.6,2544.3,9.2,0,0.6,2,0,4,0.005,88,0.001,0,0,41,100
14.2,1112.9,2428.8,10.7,0,0,1.5,0,2,0.005,90.3,0.003,0,0,43,88.0952381
10.1,799.7,1672,9.8,0,0,1.1,0,2,0.005,91.6,0.002,0,0,42,100
13.2,1085.7,2960,7.6,0,0.4,2.4,0,3,0.005,78,0.003,0,0,43,88.0952381
11.8,659.9,1975.1,9.2,0,0.5,2.1,0,6,0.005,79,0.001,0,0,41,100
15.1,624.3,1842.5,10.2,0,0.4,2,0,2,0.015,88,0.002,0,0,39,100
11.3,609.1,1727.5,7,0,0.5,2.2,0,5,0.005,60,0.002,0,0,41,100
19,921.6,2305.2,10.5,0,0.5,2,0,9,0.005,54,0.003,0,0,42,100
19.4,943.8,2272.7,8,0,0.7,2.2,0,2,0.005,87,0.001,0,0,42,100
16.1,1024,2198.7,3.9,0,1,1.9,0,3,0.005,87.2,0.001,0,0,39,100
14.4,992.4,2468.3,10.2,0,0.2,1.9,0.01,2,0.005,96,0.001,0,0,41,100
15.6,1019.6,2619.3,14.4,0,0.3,2.5,0.01,3,0.005,99,0.001,0,0,42,100
19.9,1240.8,3323.2,15.6,0,0.4,3,0.01,2,0.005,84,0.001,0,0,43,88.0952381
13.9,1307.2,2798.5,9.5,0,0,1.9,0,2,0.005,92.3,0.002,0,0,42,88.0952381
17.8,1358.5,3053.3,17.2,0,0.5,2.7,0,1,0.005,70,0.002,0,0,34,88.0952381
19,1621.9,3872.7,17.2,0,0.6,2.9,0,1,0.005,84.4,0.002,0,0,40,88.0952381
47.8,420,1606.4,10.6,0,1.8,6.7,0.05,2,0.005,95,0.005,0,0,34,100
40.8,426.8,1592.5,10.7,0,1.4,3.1,0.01,4,0.005,86,0.003,0.001,0,33,100
27.6,428,1510.4,6.8,0,0.8,2.5,0,5,0.005,93,0.003,0,0,34,100
37.2,590.2,1770.9,16.1,0,1.6,8.1,0,3,0.005,67,0.002,0,0,34,100
35.3,604.4,1784.1,16.1,0,1.6,3.8,0,4,0.005,75,0.001,0,0,34,100
35,643.7,1709.2,9.7,0,1.5,4.3,0,7,0.005,95.4,0.002,0,0,34,100
53.3,399.9,1265.8,11,0,1.3,3.8,0,4,0.005,78,0.002,0,0,32,100
63.1,514.9,1548.2,10.3,0,1.4,4.4,0.06,6,0.005,61,0.002,0,0,32,100
58.1,442.8,2028,9.4,0,1.4,1.9,0,5,0.005,86,0.002,0,0,33,100
37.7,497.5,1328.8,11.3,0,1.9,4.3,0,3,0.005,83,0.002,0,0,33,100
41,711,1879,13.3,0,1.9,5.5,0,5,0.005,77,0.001,0,0,32,100
48.5,639.2,2492.4,16.2,0,2,3.1,0,4,0.005,88.1,0.001,0,0,33,100
37.2,210.8,1111.8,19.6,0,3.3,46.8,0,2,0.005,92,0.003,0,0,34,100
46.8,238.4,2429,12.4,0,1.8,9.5,0.01,7,0.005,71,0.003,0.001,0,34,100
66.7,309.5,1122.9,10.5,0,1.8,5.7,0.01,5,0.005,89,0.005,0,0,33,100
13.4,30.5,369.1,3.3,0,0.5,4.9,0,7,0.005,93.5,0.009,0.001,0,34,100
45.6,265.6,2125,17.2,0,2.3,15,0,8,0.005,57,0.002,0,0,33,100
45.1,305.6,1105.1,11.8,0,2.3,9.9,0,5,0.005,78,0.001,0,0,33,100
75.4,317.6,1413.7,10.7,0,1.7,3.7,0.08,10,0.005,75,0.002,0,0,32,100
63.4,384,1420.3,11.6,0,1.7,3.8,0,6,0.005,91,0.007,0,0,32,100
70.3,370.9,1519.8,11.5,0,1.9,4.5,0,5,0.005,93,0.003,0,0,32,100
55,340.9,1432,15.5,0,2,5.6,0,4,0.005,69,0.001,0,0,30,100
46.1,401.5,1447.6,13.2,0,2.5,11.6,0,9,0.005,77,0.002,0,0,30,100
51.6,388.2,1552.5,17.3,0,2.1,9.6,0,2,0.005,80,0.001,0,1,32,100
51.6,274.4,1040,12.2,0,1.9,15.6,0,7,0.005,94,0.004,0,0,31,100
39.4,582.7,1855.9,11,0,2.1,2.7,0,6,0.005,83,0.007,0,0,32,100
70.1,374,1331.6,10.6,0,1.3,3.7,0.01,6,0.005,77,0.003,0,0,31,100
38.2,261,1058.4,20.4,0,2.6,25.5,0,4,0.005,66,0.001,0,0,32,100
36.7,614.5,1964.9,18.2,0,3.1,5.3,0,6,0.005,50,0.002,0,1,33,100
62.9,407.7,1536.8,17.4,0,2.1,10.3,0,6,0.005,52,0.001,0,0,31,100
71.5,429.4,1649.3,9.7,0,0.8,2.5,0.02,8,0.005,91,0.001,0,0,31,100
66,736.8,2571.5,13.6,0,1.3,5.8,0,9,0.005,94,0.003,0,0,31,100
73.7,416.5,1337.6,10.1,0,0.9,4.2,0.03,7,0.005,90,0.002,0.001,0,32,100
52.8,1094.7,3517.6,18.3,0,1.7,7.7,0,6,0.005,68,0.001,0,0,32,88.0952381
34.6,520.7,1678.6,16.1,0,1.4,6.8,0,3,0.005,65,0.001,0,0,33,100
